notice_id,solicitation_number,title,notice_type,posted_date,response_deadline,archive_date,agency,subagency,office,naics,psc,set_aside,set_aside_code,place_of_performance_state,source_url,pull_timestamp_utc
29d94ab494514c96bf2500d8e7e731ca,SEA04N,RADIAC AND RADCON PROGRAM PROFESSIONAL SUPPORT SERVICES,Sources Sought,2026-06-30,2026-07-15,2027-06-30,DEPT OF DEFENSE,DEPT OF THE NAVY,NAVAL SURFACE WARFARE CENTER,541330,R425,,,,https://sam.gov/workspace/contract/opp/29d94ab494514c96bf2500d8e7e731ca/view,2026-07-15T12:31:17.044134+00:00
27f66197c71340fcb0ed7f7fd4d7b52d,FA481926R0003,EOD SUPPORT SERVICES TYNDALL AFB,Solicitation,2026-06-30,2026-07-21,2027-06-30,DEPT OF DEFENSE,DEPT OF THE AIR FORCE,FA4819  325 CONS PKP,541330,R499,Total Small Business Set-Aside (FAR 19.5),SBA,,https://sam.gov/workspace/contract/opp/27f66197c71340fcb0ed7f7fd4d7b52d/view,2026-07-15T12:31:17.044134+00:00
736eb5450fad4c52b3f9e7eb67ebfe3d,N0003026R3007,2027 FACILITIES ACQUISITION & ENGINEERING (FA&E) SUPPORT SERVICES,Presolicitation,2026-06-25,2026-07-10,2026-07-25,DEPT OF DEFENSE,DEPT OF THE NAVY,PAE STRATEGIC SYSTEMS PROGRAMS,541330,AC24,No Set aside used,NONE,DC,https://sam.gov/workspace/contract/opp/736eb5450fad4c52b3f9e7eb67ebfe3d/view,2026-07-15T12:31:17.044134+00:00
6d3a590e318043a29713de8304ede1de,N0003026R3001,2027 SYSTEMS ENGINEERING & INTEGRATION SUPPORT SERVICES,Presolicitation,2026-06-25,2026-07-10,2026-07-25,DEPT OF DEFENSE,DEPT OF THE NAVY,PAE STRATEGIC SYSTEMS PROGRAMS,541330,L099,,,,https://sam.gov/workspace/contract/opp/6d3a590e318043a29713de8304ede1de/view,2026-07-15T12:31:17.044134+00:00
ac02c8a474854145bcb6e26d5ff89289,FA481926R0003,EOD SUPPORT SERVICES TYNDALL AFB - RFI,Solicitation,2026-06-23,2026-07-21,2027-06-23,DEPT OF DEFENSE,DEPT OF THE AIR FORCE,FA4819  325 CONS PKP,541330,R499,Total Small Business Set-Aside (FAR 19.5),SBA,,https://sam.gov/workspace/contract/opp/ac02c8a474854145bcb6e26d5ff89289/view,2026-07-15T12:31:17.044134+00:00
a25f01263d0e4c48a5e246f9db305e24,W911QY-26-Q-A009,DEVCOM INVENTORY SOFTWARE MANAGEMENT,Solicitation,2026-06-22,2026-06-29,2026-07-14,DEPT OF DEFENSE,DEPT OF THE ARMY,W6QK ACC-APG NATICK,541511,7A20,,,MA,https://sam.gov/workspace/contract/opp/a25f01263d0e4c48a5e246f9db305e24/view,2026-07-15T12:31:17.044134+00:00
2e0cfd3252cd442b90899bcd93133b02,N6247326R3101,CASU TECHNICAL AND PROGRAM SUPPORT SERVICES FOR THE BASE REALIGNMENT AND CLOSURE PROGRAM MANAGEMENT OFFICE (BRAC PMO),Combined Synopsis/Solicitation,2026-06-17,2026-06-22,2026-10-01,DEPT OF DEFENSE,DEPT OF THE NAVY,NAVFACSYSCOM SOUTHWEST,541330,R425,,,,https://sam.gov/workspace/contract/opp/2e0cfd3252cd442b90899bcd93133b02/view,2026-07-15T12:31:17.044134+00:00
1ca7bebef60a4579a3ee2aa5fd9e01b6,W9124J-27-R-ENTR,ENTERPRISE IT SUPPORT,Sources Sought,2026-06-17,2026-07-16,2026-07-31,DEPT OF DEFENSE,DEPT OF THE ARMY,W6QM MICC-FDO FT SAM HOUSTON,541513,DF01,Total Small Business Set-Aside (FAR 19.5),SBA,TX,https://sam.gov/workspace/contract/opp/1ca7bebef60a4579a3ee2aa5fd9e01b6/view,2026-07-15T12:31:17.044134+00:00
f52e0d4e1ab340ba80885770a036e5a0,W56ZLW-26-P-0013,DIGITAL FIRES SYSTEMS ENGINEERING SERVICES,Award Notice,2026-06-16,,2026-06-30,DEPT OF DEFENSE,DEPT OF THE ARMY,0418 AQ HQ     CONTRACTING SUP,541330,R425,Service-Disabled Veteran-Owned Small Business Set Aside,SDVOSBC,TX,https://sam.gov/workspace/contract/opp/f52e0d4e1ab340ba80885770a036e5a0/view,2026-07-15T12:31:17.044134+00:00
7c40cf1e85dc431a84764f1b686f34f1,N00244-26-R-3016,CNAP FLAG SUPPORT SERVICES,Solicitation,2026-06-12,2026-06-16,2026-07-01,DEPT OF DEFENSE,DEPT OF THE NAVY,NAVSUP FLT LOG CTR  SAN DIEGO,541330,R408,Women-Owned Small Business,WOSB,CA,https://sam.gov/workspace/contract/opp/7c40cf1e85dc431a84764f1b686f34f1/view,2026-07-15T12:31:17.044134+00:00
ad18a4f7b7394950a24769550b47ca6e,N0018926QL179,NH-139 VTC UPGRADE,Combined Synopsis/Solicitation,2026-06-11,2026-06-15,2026-12-03,DEPT OF DEFENSE,DEPT OF THE NAVY,NAVSUP FLT LOG CTR NORFOLK,541519,5836,,,VA,https://sam.gov/workspace/contract/opp/ad18a4f7b7394950a24769550b47ca6e/view,2026-07-15T12:31:17.044134+00:00
380c7631691648208091ffc9adbcb127,N0017826Q6793,ACOUSTIC TILES PROFESSIONAL SERVICES,Combined Synopsis/Solicitation,2026-06-08,2026-06-18,2026-11-01,DEPT OF DEFENSE,DEPT OF THE NAVY,NSWC DAHLGREN,541330,5640,,,VA,https://sam.gov/workspace/contract/opp/380c7631691648208091ffc9adbcb127/view,2026-07-15T12:31:17.044134+00:00
70699db185d2474e8087f681e8374748,N0017827R3105,N0017827R3105 AI_INTELLIGENT AUTOMATION SUPPORT SERVICES,Sources Sought,2026-06-08,2026-07-09,2026-07-24,DEPT OF DEFENSE,DEPT OF THE NAVY,NSWC DAHLGREN,541330,AC13,,,VA,https://sam.gov/workspace/contract/opp/70699db185d2474e8087f681e8374748/view,2026-07-15T12:31:17.044134+00:00
9c04cd53814f4dc092b3b3a82346d086,,"FY28 FIRE CONTROL STRATEGIC SYSTEMS PROGRAMS (SSP) DEVELOPMENT, SUSTAINMENT, PRODUCTION AND OPERATIONS SUPPORT",Special Notice,2026-05-27,2026-07-12,2026-07-27,DEPT OF DEFENSE,DEPT OF THE NAVY,PAE STRATEGIC SYSTEMS PROGRAMS,541330,1230,No Set aside used,NONE,MA,https://sam.gov/workspace/contract/opp/9c04cd53814f4dc092b3b3a82346d086/view,2026-07-15T12:31:17.044134+00:00
840504c9cd8d4dc89e6a1bbb06484f10,N523626QE187,KEYSIGHT,Presolicitation,2026-05-27,2026-06-08,2027-05-27,DEPT OF DEFENSE,DEPT OF THE NAVY,NIWC ATLANTIC,541519,7A21,,,,https://sam.gov/workspace/contract/opp/840504c9cd8d4dc89e6a1bbb06484f10/view,2026-07-15T12:31:17.044134+00:00
fd2c6bb0ac104c8e91a1273a64131d61,N6247326R3101,CASU TECHNICAL AND PROGRAM SUPPORT SERVICES FOR THE BASE REALIGNMENT AND CLOSURE PROGRAM MANAGEMENT OFFICE (BRAC PMO),Combined Synopsis/Solicitation,2026-05-21,2026-06-08,2026-10-01,DEPT OF DEFENSE,DEPT OF THE NAVY,NAVFACSYSCOM SOUTHWEST,541330,R425,,,,https://sam.gov/workspace/contract/opp/fd2c6bb0ac104c8e91a1273a64131d61/view,2026-07-15T12:31:17.044134+00:00
b1e1d540c3e84bfc97f7caeb43b015df,M67004-26-R-0003,MARINE FORCE SUSTAINMENT COMMAND AND FLEET MARINE- MULTIPLE AWARD INDEFINITE DELIVERY INDEFINITE QUANTITY CONTRACTFORCE LOGISTICS SERVICES SUPPORT-,Sources Sought,2026-05-01,2026-06-15,2026-06-30,DEPT OF DEFENSE,DEPT OF THE NAVY,COMMANDER,541330,R706,Total Small Business Set-Aside (FAR 19.5),SBA,GA,https://sam.gov/workspace/contract/opp/b1e1d540c3e84bfc97f7caeb43b015df/view,2026-07-15T12:31:17.044134+00:00
5d5105ccca694a2a84b4242c84d3cce1,N0003926RE013,NILE IN SERVICE SUPPORT (ISS) 6 ENGINEERING SERVICES RFI,Sources Sought,2026-01-29,2026-03-04,2027-01-29,DEPT OF DEFENSE,DEPT OF THE NAVY,NAVAL INFORMATION WARFARE SYSTEMS,541512,DA01,,,,https://sam.gov/workspace/contract/opp/5d5105ccca694a2a84b4242c84d3cce1/view,2026-07-15T12:31:17.044134+00:00
b065ca383e0d4254aeae51c780a17b81,M67854-26-I-5101,CONDITION BASED MAINTENANCE PLUS (CBM+),Sources Sought,2026-01-15,2025-12-29,2028-12-31,DEPT OF DEFENSE,DEPT OF THE NAVY,COMMANDER,541512,7H20,No Set aside used,NONE,VA,https://sam.gov/workspace/contract/opp/b065ca383e0d4254aeae51c780a17b81/view,2026-07-15T12:31:17.044134+00:00
404892a314c948ca9be34d756bc5616d,N65236_26_GEO_JOBE_SOFTWARE,GEO JOBE SOFTWARE,Presolicitation,2026-01-12,2026-01-12,2027-01-12,DEPT OF DEFENSE,DEPT OF THE NAVY,NIWC ATLANTIC,541519,7A21,,,,https://sam.gov/workspace/contract/opp/404892a314c948ca9be34d756bc5616d/view,2026-07-15T12:31:17.044134+00:00
46e7aa4de79d4cd391f8309f5e7f7876,N00167-26-AST,ADVANCED SIGNATURES TECHNOLOGIES (AST) SUPPORT SERVICES,Sources Sought,2026-01-09,2026-02-09,2027-01-09,DEPT OF DEFENSE,DEPT OF THE NAVY,NSWC CARDEROCK,541330,,,,,https://sam.gov/workspace/contract/opp/46e7aa4de79d4cd391f8309f5e7f7876/view,2026-07-15T12:31:17.044134+00:00
b3c6af6e7fae4e0a84df6110d87aa7a5,W912BU26RA001,"INDEFINITE DELIVERY INDEFINITE QUANTITY CONTRACT FOR DREDGE VESSEL ENGINEERING SERVICES, NAVAL ARCHITECTURE, AND MARINE ENGINEERING",Combined Synopsis/Solicitation,2025-10-01,2025-10-03,2026-10-03,DEPT OF DEFENSE,DEPT OF THE ARMY,W2SD ENDIST PHILADELPHIA,541330,C216,Total Small Business Set-Aside (FAR 19.5),SBA,,https://sam.gov/workspace/contract/opp/b3c6af6e7fae4e0a84df6110d87aa7a5/view,2026-07-15T12:31:17.044134+00:00
f27d911fea014bc1b431494c7bc13e67,N6523625FE047,N6523625FE047 DC2HS AWS IL6 SUPPORT,Award Notice,2025-07-09,,2026-07-09,DEPT OF DEFENSE,DEPT OF THE NAVY,NIWC ATLANTIC,518210,DB10,,,,https://sam.gov/workspace/contract/opp/f27d911fea014bc1b431494c7bc13e67/view,2026-07-15T12:31:17.044134+00:00
d93b297d3103478ba4f7c79969855733,W519TC-25-R-ADP2,PEO EIS ARDAP ARMY DATA PLATFORM 2.0 RFI,Presolicitation,2024-09-26,2024-10-16,2026-10-16,DEPT OF DEFENSE,DEPT OF THE ARMY,W6QK ACC-RI,541512,DA01,,,VA,https://sam.gov/workspace/contract/opp/d93b297d3103478ba4f7c79969855733/view,2026-07-15T12:31:17.044134+00:00
945f9340ad4cf62f33ba2c1f84cf9e73,N62793-18-R-0058,IT SUPPORT SERVICES,Modification/Amendment/Cancel,2018-08-17,2018-08-20,2018-09-04,DEPT OF DEFENSE,DEPT OF THE NAVY,SUP OF SHIPBUILDING CONV AND REPAIR,541519,D,Total Small Business Set-Aside (FAR 19.5),SBA,VA,https://sam.gov/workspace/contract/opp/945f9340ad4cf62f33ba2c1f84cf9e73/view,2026-07-15T12:31:17.044134+00:00
54680a2db1e243179638ecf3f0ae6818,W912HN26RA001,Responsive Emergency Action for Disaster and Infrastructure (READI) Architect-Engineering (A-E) Assessment - UNRESTRICTED,Solicitation,2025-10-09,2025-11-10,2026-10-09,DEPT OF DEFENSE,DEPT OF THE ARMY,W074 ENDIST SAVANNAH,541330,C219,,,,https://sam.gov/workspace/contract/opp/54680a2db1e243179638ecf3f0ae6818/view,2026-07-15T12:31:17.044134+00:00
6bfd6acb002349eaac74b1a7f3d86422,W912HV26RA012,"Indefinite Delivery Contracts for Architect-Engineer Services to Support Host Nation projects, various locations, Japan",Special Notice,2026-04-15,2026-05-27,2026-10-29,DEPT OF DEFENSE,DEPT OF THE ARMY,W2SN ENDIST JAPAN,541330,C211,No Set aside used,NONE,JP-14,https://sam.gov/workspace/contract/opp/6bfd6acb002349eaac74b1a7f3d86422/view,2026-07-15T12:31:17.044134+00:00
3d7f31153df74e039df4cc6dce69e5a4,,Intent to Award Sole Source for AFRL/DP Laboratory Demonstration Project,Special Notice,2026-06-04,2026-06-22,2026-07-07,DEPT OF DEFENSE,DEPT OF THE AIR FORCE,FA2396 USAF AFMC AFRL PZL AFRL PZLE,541511,DA01,No Set aside used,NONE,OH,https://sam.gov/workspace/contract/opp/3d7f31153df74e039df4cc6dce69e5a4/view,2026-07-15T12:31:17.044134+00:00
4f77aec06c8f494a86b12a5100b78540,JA-FY26-054,NGA - LSJ - Cost Assessment and Program Evaluation (CAPE),Justification,2026-06-09,,2026-07-09,DEPT OF DEFENSE,NATIONAL GEOSPATIAL-INTELLIGENCE AGENCY (NGA),ATTN MS S84   OCS,541611,R799,,,VA,https://sam.gov/workspace/contract/opp/4f77aec06c8f494a86b12a5100b78540/view,2026-07-15T12:31:17.044134+00:00
679a3f76816d4fb085e90148fc14faa7,N6426726R3008,N6426726R3008,Solicitation,2026-05-08,2026-05-22,2027-05-08,DEPT OF DEFENSE,DEPT OF THE NAVY,NAVAL SURFACE WARFARE CENTER,541330,R425,Service-Disabled Veteran-Owned Small Business Set Aside,SDVOSBC,,https://sam.gov/workspace/contract/opp/679a3f76816d4fb085e90148fc14faa7/view,2026-07-15T12:31:17.044134+00:00
d971d6e1be6143878317588351c64935,N0024426R3104,Mobile Ordnance Training Team (MOTT),Solicitation,2026-04-30,2026-05-11,2026-07-01,DEPT OF DEFENSE,DEPT OF THE NAVY,NAVSUP FLT LOG CTR  SAN DIEGO,541330,R499,Service-Disabled Veteran-Owned Small Business Set Aside,SDVOSBC,CA,https://sam.gov/workspace/contract/opp/d971d6e1be6143878317588351c64935/view,2026-07-15T12:31:17.044134+00:00
ac4f4622cb45472398c8a331fb75b349,Solicitation_for_AIS_ATE_Engineering_Services,AIS Engineering Services for ATE,Solicitation,2025-12-15,2026-12-16,2026-12-31,DEPT OF DEFENSE,DEPT OF THE AIR FORCE,FA8251  AFSC PZABB,541330,R425,No Set aside used,NONE,UT,https://sam.gov/workspace/contract/opp/ac4f4622cb45472398c8a331fb75b349/view,2026-07-15T12:31:17.044134+00:00
d2e93e886a4e4f70928f4f8cee2f1e2b,N0017326Q5519,Assurance Verification Technology,Special Notice,2026-05-27,2026-06-03,2026-07-03,DEPT OF DEFENSE,DEPT OF THE NAVY,NAVAL RESEARCH LABORATORY,518210,7A21,No Set aside used,NONE,MS,https://sam.gov/workspace/contract/opp/d2e93e886a4e4f70928f4f8cee2f1e2b/view,2026-07-15T12:31:17.044134+00:00
347544e93d7141ec80ecb1c6ac7c6c52,NE023225,Architecture and Engineering (A-E) Services - Enterprise Solution (Northeast Region),Special Notice,2025-07-02,2025-07-14,2026-07-02,DEPT OF DEFENSE,DEPT OF THE ARMY,W6QM MICC-FT CAMPBELL,541330,C1QA,Total Small Business Set-Aside (FAR 19.5),SBA,,https://sam.gov/workspace/contract/opp/347544e93d7141ec80ecb1c6ac7c6c52/view,2026-07-15T12:31:17.044134+00:00
d0ed4509eae74494b9507fc4fce2a355,W9132T26RA003,"Enterprise Sustainment Management System (E-SMS) Universal Cost Assembly Development Indefinite Delivery, Indefinite Quantity (IDIQ) Contract",Combined Synopsis/Solicitation,2026-06-05,2026-06-19,2026-07-04,DEPT OF DEFENSE,DEPT OF THE ARMY,W2R2 CONST ENGRG LAB,541330,R425,Total Small Business Set-Aside (FAR 19.5),SBA,IL,https://sam.gov/workspace/contract/opp/d0ed4509eae74494b9507fc4fce2a355/view,2026-07-15T12:31:17.044134+00:00
886bde7b32e94d3a879ad6ef83307ed9,N68936_NAWCWD_FY26_Industry_Day,NAWCWD FY26 Industry Day,Special Notice,2026-02-03,2027-01-30,2027-01-30,DEPT OF DEFENSE,DEPT OF THE NAVY,NAVAL AIR WARFARE CENTER,541330,R425,,,,https://sam.gov/workspace/contract/opp/886bde7b32e94d3a879ad6ef83307ed9/view,2026-07-15T12:31:17.044134+00:00
4db056efc01347ebb95dec909915ffb8,N00167-26-SIMACQ-CD-66-0026,Continued engineering support services for SSNX SubVALUE taskers.,Presolicitation,2026-06-17,2026-06-23,2026-07-17,DEPT OF DEFENSE,DEPT OF THE NAVY,NSWC CARDEROCK,541330,DA10,,,,https://sam.gov/workspace/contract/opp/4db056efc01347ebb95dec909915ffb8/view,2026-07-15T12:31:17.044134+00:00
5473097c1f0645d2be6b3b3d8517f4e5,RFI-JTIC2S-2026,Request for Information (RFI) - Joint Targeting Integrated Command and Coordination Suite (JTIC2S) Commercially Available Capability,Special Notice,2026-06-02,2026-06-19,2026-07-04,DEPT OF DEFENSE,DEPT OF THE ARMY,W6QK ACC-APG,541511,7A20,,,MD,https://sam.gov/workspace/contract/opp/5473097c1f0645d2be6b3b3d8517f4e5/view,2026-07-15T12:31:17.044134+00:00
0bae24fe14ab4bfdb33f8bb0b03b8a59,842674854,Endpoint Security Event Management,Sources Sought,2026-06-15,2026-06-29,2026-07-14,DEPT OF DEFENSE,DEFENSE INFORMATION SYSTEMS AGENCY (DISA),IT CONTRACTING DIVISION - PL84,541519,DJ01,No Set aside used,NONE,AZ,https://sam.gov/workspace/contract/opp/0bae24fe14ab4bfdb33f8bb0b03b8a59/view,2026-07-15T12:31:17.044134+00:00
cb177170da494062bc2da62c83da9684,N0017826R3009,A30 FiberOptic Waterfront Cabling Support,Presolicitation,2026-02-06,2026-02-13,2027-02-06,DEPT OF DEFENSE,DEPT OF THE NAVY,NSWC DAHLGREN,541330,H969,Total Small Business Set-Aside (FAR 19.5),SBA,VA,https://sam.gov/workspace/contract/opp/cb177170da494062bc2da62c83da9684/view,2026-07-15T12:31:17.044134+00:00
a224724ae864477a8a24b35bfb040716,N66001-26-R-0054,Sources Sought ? Engineering and Technical Support for the Command and Control Processor (C2P) Adjunct Processor (AP) Multi-Link Interface Unit (MLIU) Software,Sources Sought,2026-03-26,2026-04-10,2027-03-26,DEPT OF DEFENSE,DEPT OF THE NAVY,NIWC PACIFIC,541511,AC33,,,,https://sam.gov/workspace/contract/opp/a224724ae864477a8a24b35bfb040716/view,2026-07-15T12:31:17.044134+00:00
6caf4c4345dd4ef9baa7ce00c5504b93,N64498-25-RFPREQ-PD-20-0053,Ship�s Modernization and Sustainment Program Management Support- SEAPORT MAC HOLDERS,Sources Sought,2026-01-13,2026-01-28,2027-01-28,DEPT OF DEFENSE,DEPT OF THE NAVY,NSWC PHILADELPHIA DIV,541330,R425,Total Small Business Set-Aside (FAR 19.5),SBA,VA,https://sam.gov/workspace/contract/opp/6caf4c4345dd4ef9baa7ce00c5504b93/view,2026-07-15T12:31:17.044134+00:00
71888b8d0cc14466a61dc6add67a24cc,N0018926RL008,Instructional Design Support Services,Solicitation,2026-03-30,2026-04-13,2027-03-30,DEPT OF DEFENSE,DEPT OF THE NAVY,NAVSUP FLT LOG CTR NORFOLK,541330,U008,Service-Disabled Veteran-Owned Small Business Set Aside,SDVOSBC,,https://sam.gov/workspace/contract/opp/71888b8d0cc14466a61dc6add67a24cc/view,2026-07-15T12:31:17.044134+00:00
ed4b3f32eb4c42c4a6138cab12f2ed31,N00024-25-R-551X,AN/SPY-6(V) Production RFI/Sources Sought - Copy 1,Sources Sought,2026-02-02,2026-02-16,2026-07-31,DEPT OF DEFENSE,DEPT OF THE NAVY,NAVSEA HQ,541330,5840,,,,https://sam.gov/workspace/contract/opp/ed4b3f32eb4c42c4a6138cab12f2ed31/view,2026-07-15T12:31:17.044134+00:00
16988350676814758e21b6daa368399b,N0017818R7000,SeaPort Next Generation,Presolicitation,2018-04-30,2018-09-28,2018-10-13,DEPT OF DEFENSE,DEPT OF THE NAVY,NSWC DAHLGREN,541330,R,,,,https://sam.gov/workspace/contract/opp/16988350676814758e21b6daa368399b/view,2026-07-15T12:31:17.044134+00:00
9c952e3f14824abf8a06b479d3d3aaf4,HT942526QE009,NOI to Sole Source Pristima Software License and Maintenance,Special Notice,2026-06-04,2026-06-22,2026-07-07,DEPT OF DEFENSE,DEFENSE HEALTH AGENCY (DHA),DEFENSE HEALTH AGENCY,541511,DA10,No Set aside used,NONE,MD,https://sam.gov/workspace/contract/opp/9c952e3f14824abf8a06b479d3d3aaf4/view,2026-07-15T12:31:17.044134+00:00
e3fceace658a4f22baf730d101707c4f,N6247026R0009,"INDEFINITE DELIVERY/INDEFINITE QUANTITY CONTRACT FOR ARCHITECT-ENGINEER SERVICES FOR GEOTECHNICAL ENGINEERING SERVICES AT VARIOUS ACTIVITIES LOCATED WITHIN THE NAVAL FACILITIES ENGINEERING SYSTEM COMMAND ATLANTIC (NAVFAC ATLANTIC) AREA OF RESPONSIBILITY,",Combined Synopsis/Solicitation,2026-01-21,2026-01-30,2026-12-22,DEPT OF DEFENSE,DEPT OF THE NAVY,NAVFACSYSCOM ATLANTIC,541330,C211,,,,https://sam.gov/workspace/contract/opp/e3fceace658a4f22baf730d101707c4f/view,2026-07-15T12:31:17.044134+00:00
a22d61baa5d741e5b66ee892101b9a9d,N66001-26-R-3503,"Naval Enterprise Networks (NEN) and Integrated Product Team (IPT) Engineering, Integration, and Program Management",Sources Sought,2026-03-17,2026-03-24,2027-03-26,DEPT OF DEFENSE,DEPT OF THE NAVY,NIWC PACIFIC,541330,,Total Small Business Set-Aside (FAR 19.5),SBA,CA,https://sam.gov/workspace/contract/opp/a22d61baa5d741e5b66ee892101b9a9d/view,2026-07-15T12:31:17.044134+00:00
f582abdca6c04520bbfba7d74994d04c,N66604-26-R-3000-MS1,CANES Tactical Networks Market Survey,Sources Sought,2026-02-17,2026-02-27,2027-02-17,DEPT OF DEFENSE,DEPT OF THE NAVY,NUWC DIV NEWPORT,541330,DG10,Total Small Business Set-Aside (FAR 19.5),SBA,,https://sam.gov/workspace/contract/opp/f582abdca6c04520bbfba7d74994d04c/view,2026-07-15T12:31:17.044134+00:00
da41e590d66cf1f82171cd55d82bfc76,FA8730-16-R-0037,Notice for E-3 Airborne Warning and Control (AWACS) Block 40-45 Enterprise Performance Based Logistics (PBL) Draft FOPR,Sources Sought,2018-09-25,2018-11-02,2018-12-31,DEPT OF DEFENSE,DEPT OF THE AIR FORCE,FA8102  AFLCMC WI,541330,15,,,,https://sam.gov/workspace/contract/opp/da41e590d66cf1f82171cd55d82bfc76/view,2026-07-15T12:31:17.044134+00:00
ac1c53589d4f47649a4a5b879a26de8e,W912DY26RA030,W912DY26RA030 AMENDMENT 1 DRAFT SOLICITATION FOR UTILITY MONITORING AND CONTROL SYSTEMS VI,Combined Synopsis/Solicitation,2026-06-18,2026-07-25,2027-05-07,DEPT OF DEFENSE,DEPT OF THE ARMY,W2V6 USA ENG SPT CTR HUNTSVIL,541512,J059,,,,https://sam.gov/workspace/contract/opp/ac1c53589d4f47649a4a5b879a26de8e/view,2026-07-15T12:31:17.044134+00:00
824e21ebd29f427f8b45e36fcc65db48,N6247026R0030,"IDIQ for Electrical Utility and Facility AE Services to Support NAVFAC Atlantic and Pacific Area Of Operations, Worldwide",Sources Sought,2026-05-27,2026-06-26,2026-07-11,DEPT OF DEFENSE,DEPT OF THE NAVY,NAVFACSYSCOM ATLANTIC,541330,C219,,,,https://sam.gov/workspace/contract/opp/824e21ebd29f427f8b45e36fcc65db48/view,2026-07-15T12:31:17.044134+00:00
a3e3f7716beeb8c67dc71859052d3f9e,W9128F19R0030,"INDEFINITE DELIVERY SINGLE AWARD TASK ORDER CONTRACT FOR A-E DESIGN SERVICES - VA MT HEALTH CARE SYSTEM, FORT HARRISON",Combined Synopsis/Solicitation,2019-06-19,2019-07-08,2019-07-23,DEPT OF DEFENSE,DEPT OF THE ARMY,W071 ENDIST OMAHA,541330,C,,,NE,https://sam.gov/workspace/contract/opp/a3e3f7716beeb8c67dc71859052d3f9e/view,2026-07-15T12:31:17.044134+00:00
551aba7c73584ba782b7dd3c1e0ed8a9,F3G3JE6096AQ01,Intent to Sole Source--432 SFS Advantor Maintenance,Special Notice,2026-06-17,2026-06-22,2026-07-07,DEPT OF DEFENSE,DEPT OF THE AIR FORCE,FA4861  99 CONS LGC,541611,J053,,,NV,https://sam.gov/workspace/contract/opp/551aba7c73584ba782b7dd3c1e0ed8a9/view,2026-07-15T12:31:17.044134+00:00
69099f50d3df431582048a6534194301,N6133126SNQ24,Littoral and Expeditionary Maneuver (EXMAN) Program Support,Special Notice,2026-06-23,2026-07-09,2027-06-23,DEPT OF DEFENSE,DEPT OF THE NAVY,NAVAL SURFACE WARFARE CENTER,541330,R425,Total Small Business Set-Aside (FAR 19.5),SBA,,https://sam.gov/workspace/contract/opp/69099f50d3df431582048a6534194301/view,2026-07-15T12:31:17.044134+00:00
f32d99e26f594e7d8a8164f1644049b5,FA9101-26-9-Velocity_Alliance,Request for Whitepapers: AEDC Velocity Alliance - A Multi-Billion Dollar OTA Consortium Opportunity,Solicitation,2026-05-22,2030-09-30,2030-10-15,DEPT OF DEFENSE,DEPT OF THE AIR FORCE,FA9101  AEDC PKP   PROCRMNT BR,541330,AC13,,,,https://sam.gov/workspace/contract/opp/f32d99e26f594e7d8a8164f1644049b5/view,2026-07-15T12:31:17.044134+00:00
d970d5061fb1441a9ec4e00fc4066c89,N0018926RL020,SATCOM,Solicitation,2026-06-10,2026-06-16,2026-11-19,DEPT OF DEFENSE,DEPT OF THE NAVY,NAVSUP FLT LOG CTR NORFOLK,541330,R799,Women-Owned Small Business,WOSB,VA,https://sam.gov/workspace/contract/opp/d970d5061fb1441a9ec4e00fc4066c89/view,2026-07-15T12:31:17.044134+00:00
bb67e2e22e97c95f86f1d0761e319ac2,N0017818R7000,SeaPort Next Generation,Presolicitation,2018-03-15,2018-09-28,2018-10-13,DEPT OF DEFENSE,DEPT OF THE NAVY,NSWC DAHLGREN,541330,R,,,,https://sam.gov/workspace/contract/opp/bb67e2e22e97c95f86f1d0761e319ac2/view,2026-07-15T12:31:17.044134+00:00
962ac1963d494dd2a59b5cf50f7ad47a,N3220526Q0067,NBLES Manuals,Combined Synopsis/Solicitation,2026-06-11,2026-06-16,2026-07-09,DEPT OF DEFENSE,DEPT OF THE NAVY,MSCHQ NORFOLK,541330,L076,Total Small Business Set-Aside (FAR 19.5),SBA,,https://sam.gov/workspace/contract/opp/962ac1963d494dd2a59b5cf50f7ad47a/view,2026-07-15T12:31:17.044134+00:00
ce666d4a8a1a42fba7c6fa8901852680,ROBINSAFBAEIDIQ26,Robins AFB: Pre-solicitation Notice,Presolicitation,2026-06-12,2026-06-27,2026-07-12,DEPT OF DEFENSE,DEPT OF THE AIR FORCE,FA8501  OPL CONTRACTING AFSC/PZIO,541330,C1AA,Total Small Business Set-Aside (FAR 19.5),SBA,GA,https://sam.gov/workspace/contract/opp/ce666d4a8a1a42fba7c6fa8901852680/view,2026-07-15T12:31:17.044134+00:00
52124a734d615ecfd5b40ac4b98d1285,N00421-16-R-0021,"4.11.5 (ETMS) ENGINEERING, TECHNICAL, AND MANAGEMENT SERVICES",Sources Sought,2017-03-23,2017-04-21,2017-05-06,DEPT OF DEFENSE,DEPT OF THE NAVY,NAVAL AIR WARFARE CENTER AIR DIV,541330,R,Total Small Business Set-Aside (FAR 19.5),SBA,MD,https://sam.gov/workspace/contract/opp/52124a734d615ecfd5b40ac4b98d1285/view,2026-07-15T12:31:17.044134+00:00
10ef533a2c8b450fb3043880e4ab43a7,FA441725Q0211,Radios/Dispatch Console and Installation (Brand Name or Equal),Combined Synopsis/Solicitation,2025-09-03,2025-09-09,2026-09-03,DEPT OF DEFENSE,DEPT OF THE AIR FORCE,FA4417 1 SOCONS,541519,7E21,Total Small Business Set-Aside (FAR 19.5),SBA,,https://sam.gov/workspace/contract/opp/10ef533a2c8b450fb3043880e4ab43a7/view,2026-07-15T12:31:17.044134+00:00
61b8fc02d30241488d260c51023108b5,PANDHA-26-P-0000035401,Structured Product Labeling (SPL) HT9426-26-Q-E022,Combined Synopsis/Solicitation,2026-06-23,2026-07-01,2026-07-16,DEPT OF DEFENSE,DEFENSE HEALTH AGENCY (DHA),ARMY MED RES ACQ ACTIVITY,541690,R408,No Set aside used,NONE,MD,https://sam.gov/workspace/contract/opp/61b8fc02d30241488d260c51023108b5/view,2026-07-15T12:31:17.044134+00:00
5db87fbde7f04a05ab8dff0cf11b180f,N66001-26-Q-6014,N66001-26-Q-6014 - Notice of Intent to Award Sole Source to THE CHARLES STARK DRAPER LABORATORY,Special Notice,2025-11-18,2025-11-21,2026-11-18,DEPT OF DEFENSE,DEPT OF THE NAVY,NIWC PACIFIC,541330,R425,,,,https://sam.gov/workspace/contract/opp/5db87fbde7f04a05ab8dff0cf11b180f/view,2026-07-15T12:31:17.044134+00:00
7068ea19a03f4fdc9557635224ccdb54,PANDTA-26-P-0000RA-CE,Robotic and Autonomous Construction Equipment (RA-CE),Sources Sought,2026-06-29,2026-07-22,2026-08-06,DEPT OF DEFENSE,DEPT OF THE ARMY,W6QK ACC- DTA,541330,3895,,,MI,https://sam.gov/workspace/contract/opp/7068ea19a03f4fdc9557635224ccdb54/view,2026-07-15T12:31:17.044134+00:00
0b130176dadf48b69bc4450af7a8ec7c,W912BU26RA001,"INDEFINITE DELIVERY INDEFINITE QUANTITY CONTRACT FOR DREDGE VESSEL ENGINEERING SERVICES, NAVAL ARCHITECTURE, AND MARINE ENGINEERING",Combined Synopsis/Solicitation,2025-08-13,2025-10-03,2026-10-03,DEPT OF DEFENSE,DEPT OF THE ARMY,W2SD ENDIST PHILADELPHIA,541330,C216,Total Small Business Set-Aside (FAR 19.5),SBA,,https://sam.gov/workspace/contract/opp/0b130176dadf48b69bc4450af7a8ec7c/view,2026-07-15T12:31:17.044134+00:00
54bb4891dbcb45deaf93534930aef2d2,W900KK26R0011,"Artillery, Chemical Training (ACT)",Sources Sought,2026-01-24,2026-02-19,2026-03-06,DEPT OF DEFENSE,DEPT OF THE ARMY,W6QK ACC-ORLANDO,541330,J069,Total Small Business Set-Aside (FAR 19.5),SBA,FL,https://sam.gov/workspace/contract/opp/54bb4891dbcb45deaf93534930aef2d2/view,2026-07-15T12:31:17.044134+00:00
b0757075290341d49865077673277aa8,26-41-0263,Obsolescence Engineering Services,Special Notice,2026-06-16,2026-06-30,2026-07-15,DEPT OF DEFENSE,DEPT OF THE NAVY,NSWC PHILADELPHIA DIV,541330,R425,No Set aside used,NONE,PA,https://sam.gov/workspace/contract/opp/b0757075290341d49865077673277aa8/view,2026-07-15T12:31:17.044134+00:00
d3cdfebaa38c4a6f9421f3095fe3d560,N0018926RL022,GSA OASIS 8(a) - PIER Fiber Maintenance,Solicitation,2026-06-16,2026-06-29,2026-07-14,DEPT OF DEFENSE,DEPT OF THE NAVY,NAVSUP FLT LOG CTR NORFOLK,541330,H260,8a Competed,8A,VA,https://sam.gov/workspace/contract/opp/d3cdfebaa38c4a6f9421f3095fe3d560/view,2026-07-15T12:31:17.044134+00:00
57e30c2857bf463983da0f77c0aa5115,W912C326RA007,W912C326 Combined synopsis/solicitation for Architect-Engineer (A-E) services,Combined Synopsis/Solicitation,2026-04-16,2026-04-30,2027-03-24,DEPT OF DEFENSE,DEPT OF THE ARMY,W6QM MICC-FORT BUCHANAN (RC),541330,C219,Total Small Business Set-Aside (FAR 19.5),SBA,,https://sam.gov/workspace/contract/opp/57e30c2857bf463983da0f77c0aa5115/view,2026-07-15T12:31:17.044134+00:00
a012fe027c15437492c283166e7ce154,N4002725R3000,Southeast Regional Maintenance Center (SERMC) - Combat Systems Services,Solicitation,2026-05-29,2026-06-12,2026-06-27,DEPT OF DEFENSE,DEPT OF THE NAVY,SOUTHEAST REGIONAL MAINT CENTER,541330,R425,No Set aside used,NONE,FL,https://sam.gov/workspace/contract/opp/a012fe027c15437492c283166e7ce154/view,2026-07-15T12:31:17.044134+00:00
1065d8f60a454a768b28ee873f10d2ee,N6134027R1002,Industry Day Announcement For Navy Fielded Training Systems Support VI (FTSS VI),Presolicitation,2026-06-18,2026-08-13,2026-08-21,DEPT OF DEFENSE,DEPT OF THE NAVY,NAWC TRAINING SYSTEMS DIV,541330,J069,Partial Small Business Set-Aside (FAR 19.5),SBP,,https://sam.gov/workspace/contract/opp/1065d8f60a454a768b28ee873f10d2ee/view,2026-07-15T12:31:17.044134+00:00
20426d28a9704b02a924cabc576b082e,MPE-OMS-FY24,"Mission Partner Environment (MPE) Operations, Maintenance and Sustainment (OM&S)",Sources Sought,2024-01-22,2024-02-07,2026-12-01,DEPT OF DEFENSE,DEPT OF THE AIR FORCE,FA7146  SAF OC PK,541512,DD01,,,,https://sam.gov/workspace/contract/opp/20426d28a9704b02a924cabc576b082e/view,2026-07-15T12:31:17.044134+00:00
cb0c1e6c80644526ac9a9e553cc58eb6,N6523626RE016,"Notice of Intent Common Data Link (CDL) US/ANQ-258(V)1 NSA Certification, Sustainment and Production",Presolicitation,2025-12-08,2025-12-12,2026-12-08,DEPT OF DEFENSE,DEPT OF THE NAVY,NIWC ATLANTIC,541330,K058,,,,https://sam.gov/workspace/contract/opp/cb0c1e6c80644526ac9a9e553cc58eb6/view,2026-07-15T12:31:17.044134+00:00
a1f55743d665415ba0568e70cbd6b5c6,W90VN726QA009,Vindicator V5 Hardware Upgrade.,Combined Synopsis/Solicitation,2026-06-17,2026-07-20,2027-06-18,DEPT OF DEFENSE,DEPT OF THE ARMY,0906 AQ CO     DET B CONTRACTI,541519,N061,,,,https://sam.gov/workspace/contract/opp/a1f55743d665415ba0568e70cbd6b5c6/view,2026-07-15T12:31:17.044134+00:00
6ce540e6e7f44968adfc09ab4623b152,FA7037-21-S-C001,AIR FORCE CRYPTOLOGIC OFFICE COMMERCIAL SOLUTIONS OPENING,Special Notice,2022-09-14,2023-09-30,2022-11-29,DEPT OF DEFENSE,,DEPT OF DEFENSE,541330,AC13,,,TX,https://sam.gov/workspace/contract/opp/6ce540e6e7f44968adfc09ab4623b152/view,2026-07-15T12:31:17.044134+00:00
67eac66b8cad4410b25eaf0ea87b30fe,W912LA26QA015,49th Exercise Support,Solicitation,2026-06-13,2026-06-25,2026-07-10,DEPT OF DEFENSE,DEPT OF THE ARMY,W7MX USPFO ACTIVITY CA ARNG,541611,U099,Service-Disabled Veteran-Owned Small Business Set Aside,SDVOSBC,CA,https://sam.gov/workspace/contract/opp/67eac66b8cad4410b25eaf0ea87b30fe/view,2026-07-15T12:31:17.044134+00:00
ab16aa175ca54c1385e2efe76ba879e9,SW023226,Architecture and Engineering (A-E) Services - Enterprise Solution (Southwest Region),Special Notice,2025-06-13,2025-07-14,2026-06-13,DEPT OF DEFENSE,DEPT OF THE ARMY,W6QM MICC-FT CAMPBELL,541330,C1QA,Total Small Business Set-Aside (FAR 19.5),SBA,,https://sam.gov/workspace/contract/opp/ab16aa175ca54c1385e2efe76ba879e9/view,2026-07-15T12:31:17.044134+00:00
becb32c1e49240b188e5ba5af20e5d16,MAMMOTH_CSO,MAMMOTH-CSO,Solicitation,2026-06-25,2026-07-02,2026-07-17,DEPT OF DEFENSE,NATIONAL GEOSPATIAL-INTELLIGENCE AGENCY (NGA),ATTN: MS S84 - OCS,541519,DH01,,,VA,https://sam.gov/workspace/contract/opp/becb32c1e49240b188e5ba5af20e5d16/view,2026-07-15T12:31:17.044134+00:00
74b2dcd38c2f47268f492b804b1e7e6f,HTC71126QE152,USTRANSCOM Acquisition Program Support,Solicitation,2026-05-13,2026-06-04,2027-05-13,DEPT OF DEFENSE,US TRANSPORTATION COMMAND (USTRANSCOM),USTRANSCOM-AQ,541611,R499,,,,https://sam.gov/workspace/contract/opp/74b2dcd38c2f47268f492b804b1e7e6f/view,2026-07-15T12:31:17.044134+00:00
17ff0dd8c59b467a9b990c2156a91aa0,W912LN26QA019,Medical Case Management and Care Coordination Services,Combined Synopsis/Solicitation,2026-06-16,2026-06-21,2026-06-30,DEPT OF DEFENSE,DEPT OF THE ARMY,W7N4 USPFO ACTIVITY VT ARNG,541611,Q802,Service-Disabled Veteran-Owned Small Business Set Aside,SDVOSBC,,https://sam.gov/workspace/contract/opp/17ff0dd8c59b467a9b990c2156a91aa0/view,2026-07-15T12:31:17.044134+00:00
8a0884436b9f4573a321ae881ec4b460,N0017826R3109,VOPs Integrated Combat Systems Operations Analysis and Cost Esimating,Presolicitation,2026-06-30,2026-07-17,2027-06-30,DEPT OF DEFENSE,DEPT OF THE NAVY,NSWC DAHLGREN,541330,R425,Total Small Business Set-Aside (FAR 19.5),SBA,,https://sam.gov/workspace/contract/opp/8a0884436b9f4573a321ae881ec4b460/view,2026-07-15T12:31:17.044134+00:00
4f702fa3f652ea759c78de015383077e,N00178-19-Q-3001,Request for Information,Sources Sought,2019-01-09,2019-02-01,2019-02-16,DEPT OF DEFENSE,DEPT OF THE NAVY,NSWC DAHLGREN,541519,69,,,,https://sam.gov/workspace/contract/opp/4f702fa3f652ea759c78de015383077e/view,2026-07-15T12:31:17.044134+00:00
994a446523410b11efc8c6dd0dc71b2a,N6134016R0007,R--FRCSE Industrial and Logistics Maintenance Planning/Sustainment (ILMPS) formerly In-Service Support Center (ISSC),Presolicitation,2016-03-25,,,DEPT OF DEFENSE,DEPT OF THE NAVY,NAWC TRAINING SYSTEMS DIV,541330,R,,,,https://sam.gov/workspace/contract/opp/994a446523410b11efc8c6dd0dc71b2a/view,2026-07-15T12:31:17.044134+00:00
0aafff3d68184203960c19aa27614528,W912JM26QA008,HRO Manpower/Advanced Data Analytics,Award Notice,2026-06-29,,2026-07-11,DEPT OF DEFENSE,DEPT OF THE ARMY,W7M3 USPFO ACTIVITY GA ARNG,541611,R431,Total Small Business Set-Aside (FAR 19.5),SBA,GA,https://sam.gov/workspace/contract/opp/0aafff3d68184203960c19aa27614528/view,2026-07-15T12:31:17.044134+00:00
4d62c099f4a9431695f7f2afc0cf0c7b,FA9101-26-9-Velocity_Alliance,Request for Whitepapers: AEDC Velocity Alliance - A Multi-Billion Dollar OTA Consortium Opportunity,Solicitation,2026-04-28,2030-09-30,2030-10-15,DEPT OF DEFENSE,DEPT OF THE AIR FORCE,FA9101  AEDC PKP   PROCRMNT BR,541330,AC13,,,,https://sam.gov/workspace/contract/opp/4d62c099f4a9431695f7f2afc0cf0c7b/view,2026-07-15T12:31:17.044134+00:00
04f93361100543d39a59edffb5852d17,N3904025Q4724,Barge Overhaul Engineering Services at Portsmouth Naval Shipyard,Combined Synopsis/Solicitation,2025-07-03,2025-07-10,2026-07-10,DEPT OF DEFENSE,DEPT OF THE NAVY,PORTSMOUTH NAVAL SHIPYARD GF,541330,C216,Total Small Business Set-Aside (FAR 19.5),SBA,ME,https://sam.gov/workspace/contract/opp/04f93361100543d39a59edffb5852d17/view,2026-07-15T12:31:17.044134+00:00
37cd792a5fcc4eacb7865079510fd4b8,W15P7T-26-R-A006,Marketplace for Acquisition of Professional Services (MAPS),Solicitation,2026-06-15,2026-06-22,2028-05-01,DEPT OF DEFENSE,DEPT OF THE ARMY,W6QK ACC-APG,541330,R425,,,MD,https://sam.gov/workspace/contract/opp/37cd792a5fcc4eacb7865079510fd4b8/view,2026-07-15T12:31:17.044134+00:00
7853b971f1a55783138df26226f0cf8a,MITS-1,Sources Sought - MITS,Sources Sought,2018-12-10,2018-12-19,2019-01-03,DEPT OF DEFENSE,DEPT OF THE ARMY,W2V6 USA ENG SPT CTR HUNTSVIL,541513,D,,,,https://sam.gov/workspace/contract/opp/7853b971f1a55783138df26226f0cf8a/view,2026-07-15T12:31:17.044134+00:00
13a3f5ff58d242f588ae68894a6ac5f4,HM0476_20260105,"Foundation Sustainment Support, Software and Integration (FS3i)",Presolicitation,2026-01-29,2026-02-23,2026-09-30,DEPT OF DEFENSE,NATIONAL GEOSPATIAL-INTELLIGENCE AGENCY (NGA),NATL GEOSPATIAL-INTELLIGENCE AGENCY,541511,DF01,No Set aside used,NONE,MO,https://sam.gov/workspace/contract/opp/13a3f5ff58d242f588ae68894a6ac5f4/view,2026-07-15T12:31:17.044134+00:00
cb69b87db3563a9e7e21390c317e2b38,N0040617T0187,D--DELL SOLID STATE DISK ACCESSORIES AND SUPPORT,Solicitation,2017-01-14,,,DEPT OF DEFENSE,DEPT OF THE NAVY,NAVSUP FLT LOG CTR PUGET SOUND,541519,D,,,,https://sam.gov/workspace/contract/opp/cb69b87db3563a9e7e21390c317e2b38/view,2026-07-15T12:31:17.044134+00:00
2273b1570aab49cd8576d2aa9dbec89c,W15P7T-25-R-MAPS,IMPORTANT MAPS UPDATE!! - ACC-APG Special Announcement: MAPS and Industry Update,Solicitation,2026-02-06,2028-12-31,2038-12-31,DEPT OF DEFENSE,DEPT OF THE ARMY,W6QK ACC-APG,541330,R425,,,MD,https://sam.gov/workspace/contract/opp/2273b1570aab49cd8576d2aa9dbec89c/view,2026-07-15T12:31:17.044134+00:00
c7cac3f7ea494b14b51f519ec9d21c3f,N6134025R0086,Fielded Training Systems Support V (FTSS V) Submarine Contractor Maintenance Services (SubCMS),Presolicitation,2025-09-25,,2026-09-24,DEPT OF DEFENSE,DEPT OF THE NAVY,NAWC TRAINING SYSTEMS DIV,541330,J069,,,CT,https://sam.gov/workspace/contract/opp/c7cac3f7ea494b14b51f519ec9d21c3f/view,2026-07-15T12:31:17.044134+00:00
adb09927bf6045819455cddc19330b4a,N66001_25_R_0024,Unmanned Maritime Systems Support (UMSS),Presolicitation,2025-11-05,2025-12-05,2026-11-05,DEPT OF DEFENSE,DEPT OF THE NAVY,NIWC PACIFIC,541330,J059,,,,https://sam.gov/workspace/contract/opp/adb09927bf6045819455cddc19330b4a/view,2026-07-15T12:31:17.044134+00:00
a7e2475f0daf4ad5902053299419441e,FA8533-26-R-0028,Versatile Diagnostic Automatic Test Station (VDATS) Engineering Services,Solicitation,2026-06-10,2026-07-13,2026-08-13,DEPT OF DEFENSE,DEPT OF THE AIR FORCE,FA8534  AFLCMC WNKAC,541330,R425,No Set aside used,NONE,GA,https://sam.gov/workspace/contract/opp/a7e2475f0daf4ad5902053299419441e/view,2026-07-15T12:31:17.044134+00:00
27118b76b0b74ccf88d09f03959b32a3,N6134026R1001,Pilot and Aircrew Curriculum Revision and Maintenance (PACRM) Multiple Award Contract (MAC) II,Solicitation,2026-04-13,2026-07-20,2027-09-30,DEPT OF DEFENSE,DEPT OF THE NAVY,NAWC TRAINING SYSTEMS DIV,541330,U099,Service-Disabled Veteran-Owned Small Business Set Aside,SDVOSBC,,https://sam.gov/workspace/contract/opp/27118b76b0b74ccf88d09f03959b32a3/view,2026-07-15T12:31:17.044134+00:00
382c24375f2a4f4781acf20e7d7bc8b1,N6449826R3102,"Engineering, Technical, and Programmatic Services Supporting the NSWCPD Machinery Research and Silencing Division C/32 (SeaPort-NxG)",Solicitation,2026-05-04,2026-06-05,2027-05-04,DEPT OF DEFENSE,DEPT OF THE NAVY,NSWC PHILADELPHIA DIV,541330,R425,,,,https://sam.gov/workspace/contract/opp/382c24375f2a4f4781acf20e7d7bc8b1/view,2026-07-15T12:31:17.044134+00:00
15846198fba94a46ba9934a491f0cb79,MW023222,Architecture and Engineering (A-E) Services - Enterprise Solution (Midwest Region),Special Notice,2025-07-01,2025-07-14,2026-07-01,DEPT OF DEFENSE,DEPT OF THE ARMY,W6QM MICC-FT CAMPBELL,541330,C1QA,Total Small Business Set-Aside (FAR 19.5),SBA,,https://sam.gov/workspace/contract/opp/15846198fba94a46ba9934a491f0cb79/view,2026-07-15T12:31:17.044134+00:00
e6380c4f2e3340b1a4f311a1a6bf97d1,W15P7T-26-R-A006,Marketplace for Acquisition of Professional Services (MAPS),Solicitation,2026-06-02,2026-06-22,2028-05-01,DEPT OF DEFENSE,DEPT OF THE ARMY,W6QK ACC-APG,541330,R425,,,MD,https://sam.gov/workspace/contract/opp/e6380c4f2e3340b1a4f311a1a6bf97d1/view,2026-07-15T12:31:17.044134+00:00
92cdd73ac72f4cc8b8c23abd8baf73d1,PMCPSS_Draft_RFP,Program Manager Counterproliferation (PMCP) Service Support,Presolicitation,2026-06-01,2026-06-15,2026-06-30,DEPT OF DEFENSE,US SPECIAL OPERATIONS COMMAND (USSOCOM),HQ USSOCOM,541330,R425,Total Small Business Set-Aside (FAR 19.5),SBA,FL,https://sam.gov/workspace/contract/opp/92cdd73ac72f4cc8b8c23abd8baf73d1/view,2026-07-15T12:31:17.044134+00:00
e8bc16355f0947ea87b680b77a2a0c2d,N6523626R3100,MYNAVYHR IT SOLUTIONS MANPOWER AND PERSONNEL SYSTEMS,Solicitation,2026-01-26,2026-02-20,2026-03-07,DEPT OF DEFENSE,DEPT OF THE NAVY,NIWC ATLANTIC,541330,R425,Total Small Business Set-Aside (FAR 19.5),SBA,LA,https://sam.gov/workspace/contract/opp/e8bc16355f0947ea87b680b77a2a0c2d/view,2026-07-15T12:31:17.044134+00:00
5654ab91d62246ecb6437d0b3e09d914,JA-FY26-074,IPF Staff Support SSJ 5,Justification,2026-06-22,,2026-07-22,DEPT OF DEFENSE,NATIONAL GEOSPATIAL-INTELLIGENCE AGENCY (NGA),ATTN: MS S84 - OCS,541512,DA01,,,MO,https://sam.gov/workspace/contract/opp/5654ab91d62246ecb6437d0b3e09d914/view,2026-07-15T12:31:17.044134+00:00
a03b5b985cfe4d3aab5e9afb87035c82,ARCTICSIICLIN,Alaska Range Combat Training Integrated Communications and Support (ARCTICS) II - Draft CLIN Structure,Sources Sought,2026-06-15,2026-06-29,2026-07-14,DEPT OF DEFENSE,DEPT OF THE AIR FORCE,FA5215 766 ESS PKP,541330,R499,,,AK,https://sam.gov/workspace/contract/opp/a03b5b985cfe4d3aab5e9afb87035c82/view,2026-07-15T12:31:17.044134+00:00
bb277ba627e942819345b89524510538,PANERD25P0000_001596,Industry Day and Presolicitation Notice HITS-UIII,Presolicitation,2026-05-21,2026-06-10,2027-06-10,DEPT OF DEFENSE,DEPT OF THE ARMY,W2R2 USA ENGR R & D CTR,541512,DB01,No Set aside used,NONE,MS,https://sam.gov/workspace/contract/opp/bb277ba627e942819345b89524510538/view,2026-07-15T12:31:17.044134+00:00
e85bb360bc5947a7928e9e3d90e3eb11,N6523626R3007,RFP N6523626R3007-0001,Solicitation,2026-03-20,2026-04-17,2027-03-17,DEPT OF DEFENSE,DEPT OF THE NAVY,NIWC ATLANTIC,541330,L058,Total Small Business Set-Aside (FAR 19.5),SBA,,https://sam.gov/workspace/contract/opp/e85bb360bc5947a7928e9e3d90e3eb11/view,2026-07-15T12:31:17.044134+00:00
b41f60c20393423e94b0648de49549e6,FA890326R0004,"Privatization Management Programs (PMP) for the Air Force Housing, Enhanced Use Lease, Lodging, and Utilities (HELU) Privatization",Sources Sought,2025-12-29,2026-01-29,2027-05-08,DEPT OF DEFENSE,DEPT OF THE AIR FORCE,FA8903  772 ESS PK,541611,R499,No Set aside used,NONE,,https://sam.gov/workspace/contract/opp/b41f60c20393423e94b0648de49549e6/view,2026-07-15T12:31:17.044134+00:00
a8dd42035be74b4fb11c1f95b8ccae2b,N0018926RB003Rev0001,"Re-issuance of canceled solicitation N0018926RB003, DUSN(M) ITD IT Related Services",Solicitation,2026-05-27,2026-06-11,2026-06-26,DEPT OF DEFENSE,DEPT OF THE NAVY,NAVSUP FLT LOG CTR NORFOLK,541330,DC01,No Set aside used,NONE,DC,https://sam.gov/workspace/contract/opp/a8dd42035be74b4fb11c1f95b8ccae2b/view,2026-07-15T12:31:17.044134+00:00
50a7492c4c4d640512389abb3989942b,N0060418R4002,D--Information System operational and technical services Sources Sought,Sources Sought,2017-12-15,,,DEPT OF DEFENSE,DEPT OF THE NAVY,NAVSUP FLT LOG CTR PEARL HARBOR,541519,D,8a Competed,8A,,https://sam.gov/workspace/contract/opp/50a7492c4c4d640512389abb3989942b/view,2026-07-15T12:31:17.044134+00:00
2adb34e8f8bd4dc2864d88d3c5ff1363,N6247025R4011,"N62470-25-R-4011 COMPREHENSIVE LONG-TERM ENVIRONMENTAL ACTION NAVY (CLEAN) IN NAVFAC ATLANTIC?S AREA OF RESPONSIBILITY (AOR), PRIMARILY IN THE NAVFAC MID-ATLANTIC NORTHEAST AOR, NAVFAC SOUTHEAST AOR, AND BASE REALIGNMENT AND CLOSURE (BRAC) EAST AOR",Combined Synopsis/Solicitation,2026-06-30,2026-07-15,2026-07-31,DEPT OF DEFENSE,DEPT OF THE NAVY,NAVFACSYSCOM ATLANTIC,541330,C219,,,,https://sam.gov/workspace/contract/opp/2adb34e8f8bd4dc2864d88d3c5ff1363/view,2026-07-15T12:31:17.044134+00:00
65139e6982cb44b789ee3acd8dfdbde0,HT003826RE001,Program Executive Office (PEO) Defense Healthcare Management Systems (DHMS) Deployment Solutions,Combined Synopsis/Solicitation,2026-04-16,2026-04-21,2026-12-31,DEPT OF DEFENSE,DEFENSE HEALTH AGENCY (DHA),DEFENSE HEALTH AGENCY,541512,DA01,No Set aside used,NONE,VA,https://sam.gov/workspace/contract/opp/65139e6982cb44b789ee3acd8dfdbde0/view,2026-07-15T12:31:17.044134+00:00
b1d8c0b3b38e46aa8fbd535e7b0beac2,W912GB24R0053,"Sources Sought Announcement for Indefinite-Delivery, Indefinite-Quantity (IDIQ) for General Architect and Engineering (A-E) Services in Italy for USACE Europe District (MILCON)",Sources Sought,2024-07-19,2024-08-02,2027-09-30,DEPT OF DEFENSE,DEPT OF THE ARMY,W2SD ENDIST EUROPE,541330,C212,,,,https://sam.gov/workspace/contract/opp/b1d8c0b3b38e46aa8fbd535e7b0beac2/view,2026-07-15T12:31:17.044134+00:00
ff1fc970a34f4af78fae530c79e14d6c,,Kessel Run PRIME RFI - CANCELLED,Special Notice,2025-12-09,2026-12-19,2026-12-20,DEPT OF DEFENSE,DEPT OF THE AIR FORCE,FA8730  KESSEL RUN AFLCMC/HBBK,541511,DH01,No Set aside used,NONE,MA,https://sam.gov/workspace/contract/opp/ff1fc970a34f4af78fae530c79e14d6c/view,2026-07-15T12:31:17.044134+00:00
9529c370a7684dbfb3dd17b6e83e91fb,N0018926RD016,"Naval Litigation Office - Services in support of the defense of Iranian FMS claims against the United States Government at the Iran - U.S. Claims Tribunal, The Hague, Netherlands",Solicitation,2026-06-11,2026-07-07,2026-07-22,DEPT OF DEFENSE,DEPT OF THE NAVY,NAVSUP FLT LOG CTR NORFOLK,541611,R408,No Set aside used,NONE,DC,https://sam.gov/workspace/contract/opp/9529c370a7684dbfb3dd17b6e83e91fb/view,2026-07-15T12:31:17.044134+00:00
b9760a5775144360a480edaf5a0403aa,W9133L-26-R-ACTS,Air National Guard Air Combat Training System Services (ACTS),Sources Sought,2026-04-29,2026-05-15,2027-05-31,DEPT OF DEFENSE,DEPT OF THE ARMY,W39L USA NG READINESS CENTER,541330,R499,,,MD,https://sam.gov/workspace/contract/opp/b9760a5775144360a480edaf5a0403aa/view,2026-07-15T12:31:17.044134+00:00
bf29bc3fa619486b977ec7f00a9ffc78,N6660426R3103,NUWC Newport Electromagnetic Special Programs Synopsis,Presolicitation,2026-03-23,,2027-03-23,DEPT OF DEFENSE,DEPT OF THE NAVY,NUWC DIV NEWPORT,541330,AC33,No Set aside used,NONE,RI,https://sam.gov/workspace/contract/opp/bf29bc3fa619486b977ec7f00a9ffc78/view,2026-07-15T12:31:17.044134+00:00
acb3a9ea92a644838ceede7ef342b22d,W900KK26R0011,"Artillery, Chemical Training (ACT)",Sources Sought,2025-09-19,2025-10-10,2025-10-25,DEPT OF DEFENSE,DEPT OF THE ARMY,W6QK ACC-ORLANDO,541330,J069,,,FL,https://sam.gov/workspace/contract/opp/acb3a9ea92a644838ceede7ef342b22d/view,2026-07-15T12:31:17.044134+00:00
c2c6cd20253a42b5a57b9e76a23eb68d,N68936_NAWCWD_FY26_Industry_Day,NAWCWD FY26 Industry Day,Special Notice,2026-01-29,2027-01-30,2027-01-30,DEPT OF DEFENSE,DEPT OF THE NAVY,NAVAL AIR WARFARE CENTER,541330,R425,,,,https://sam.gov/workspace/contract/opp/c2c6cd20253a42b5a57b9e76a23eb68d/view,2026-07-15T12:31:17.044134+00:00
f74fea1959f98b4126e956619af65ea9,N00421-16-R-0021,"4.11.5 (ETMS) ENGINEERING, TECHNICAL, AND MANAGEMENT SERVICES",Sources Sought,2017-03-30,2017-04-21,2017-05-06,DEPT OF DEFENSE,DEPT OF THE NAVY,NAVAL AIR WARFARE CENTER AIR DIV,541330,R,Total Small Business Set-Aside (FAR 19.5),SBA,MD,https://sam.gov/workspace/contract/opp/f74fea1959f98b4126e956619af65ea9/view,2026-07-15T12:31:17.044134+00:00
5692b2c8f076427092778b0e1eee87ec,W912HN26RA001,Responsive Emergency Action for Disaster and Infrastructure (READI) Architect-Engineering (A-E) Assessment - UNRESTRICTED,Solicitation,2025-11-21,2025-11-24,2026-11-21,DEPT OF DEFENSE,DEPT OF THE ARMY,W074 ENDIST SAVANNAH,541330,C219,,,,https://sam.gov/workspace/contract/opp/5692b2c8f076427092778b0e1eee87ec/view,2026-07-15T12:31:17.044134+00:00
4c696276f4fa486890c5644b8c3cc2d5,HT003826RE001,Program Executive Office (PEO) Defense Healthcare Management Systems (DHMS) Deployment Solutions,Presolicitation,2026-03-19,2026-03-11,2026-12-31,DEPT OF DEFENSE,DEFENSE HEALTH AGENCY (DHA),DEFENSE HEALTH AGENCY,541512,DA01,No Set aside used,NONE,,https://sam.gov/workspace/contract/opp/4c696276f4fa486890c5644b8c3cc2d5/view,2026-07-15T12:31:17.044134+00:00
28304fc9b40f4432991a3356276a67a8,W15P7T-25-S-0001,Next Generation Command and Control (NGC2) - Commercial Solutions Opening (CSO),Special Notice,2025-05-16,2025-06-02,2027-05-16,DEPT OF DEFENSE,DEPT OF THE ARMY,W6QK ACC-APG,541512,7B20,,,MD,https://sam.gov/workspace/contract/opp/28304fc9b40f4432991a3356276a67a8/view,2026-07-15T12:31:17.044134+00:00
282357975a4d58596b28a00fe07fed27,N6247017R4010,"R--Professional Services to support NAVFAC Public Works Business Line in NAVFAC AOR with a concentration of work with in the Continental United States, the Caribbean, Europe, Africa, an",Presolicitation,2017-11-15,,,DEPT OF DEFENSE,DEPT OF THE NAVY,NAVFACSYSCOM ATLANTIC,541330,R,,,,https://sam.gov/workspace/contract/opp/282357975a4d58596b28a00fe07fed27/view,2026-07-15T12:31:17.044134+00:00
870e072380d54439b40fc5842e5963c3,N0042126R1015,NAWCAD WOLF IC2IS Technical Project Management Support,Solicitation,2026-06-18,2026-07-17,2027-06-18,DEPT OF DEFENSE,DEPT OF THE NAVY,NAVAL AIR WARFARE CENTER AIR DIV,541330,R799,Women-Owned Small Business Sole Source,WOSBSS,,https://sam.gov/workspace/contract/opp/870e072380d54439b40fc5842e5963c3/view,2026-07-15T12:31:17.044134+00:00
aafa639de3ef4e7e9b32fc087bc5407d,W912CH-26-C-0014,THOR IV STS - Award,Award Notice,2026-06-25,,2026-07-10,DEPT OF DEFENSE,DEPT OF THE ARMY,W6QK ACC- DTA,541330,K010,,,MI,https://sam.gov/workspace/contract/opp/aafa639de3ef4e7e9b32fc087bc5407d/view,2026-07-15T12:31:17.044134+00:00
7191916c2ddb40cd89bbfeb01586469a,N0018926RL020,SATCOM,Solicitation,2026-06-11,2026-06-16,2026-11-19,DEPT OF DEFENSE,DEPT OF THE NAVY,NAVSUP FLT LOG CTR NORFOLK,541330,R799,Women-Owned Small Business,WOSB,VA,https://sam.gov/workspace/contract/opp/7191916c2ddb40cd89bbfeb01586469a/view,2026-07-15T12:31:17.044134+00:00
4c21fb33e5ad4c3aa309281d54aa929b,LOGFIN26,Modernization of Logistics and Finance Business Systems (PM LOG?FIN formerly EBS?C) � Open and Continuous Call for Solutions (CFS),Solicitation,2026-06-03,2031-06-02,2031-06-17,DEPT OF DEFENSE,DEPT OF THE ARMY,W6QK ACC-RI,541512,DA10,,,VA,https://sam.gov/workspace/contract/opp/4c21fb33e5ad4c3aa309281d54aa929b/view,2026-07-15T12:31:17.044134+00:00
fd214ff9eaaca7d141560a2ec98b5efa,N6134016R1146,J--Site Visit - SMO Codes,Presolicitation,2016-07-13,,,DEPT OF DEFENSE,DEPT OF THE NAVY,NAWC TRAINING SYSTEMS DIV,541330,J,,,,https://sam.gov/workspace/contract/opp/fd214ff9eaaca7d141560a2ec98b5efa/view,2026-07-15T12:31:17.044134+00:00
4183571568f9478459c0a9449f984b24,N00421-16-R-0021,"4.11.5 (ETMS) ENGINEERING, TECHNICAL, AND MANAGEMENT SERVICES",Sources Sought,2017-04-06,2017-04-21,2017-05-06,DEPT OF DEFENSE,DEPT OF THE NAVY,NAVAL AIR WARFARE CENTER AIR DIV,541330,R,Total Small Business Set-Aside (FAR 19.5),SBA,MD,https://sam.gov/workspace/contract/opp/4183571568f9478459c0a9449f984b24/view,2026-07-15T12:31:17.044134+00:00
7a2e74393e2fab3f9499fb3c92a8bc28,W9128F19R0030,"INDEFINITE DELIVERY SINGLE AWARD TASK ORDER CONTRACT FOR A-E DESIGN SERVICES - VA MT HEALTH CARE SYSTEM, FORT HARRISON",Combined Synopsis/Solicitation,2019-06-17,2019-07-08,2019-07-23,DEPT OF DEFENSE,DEPT OF THE ARMY,W071 ENDIST OMAHA,541330,C,,,NE,https://sam.gov/workspace/contract/opp/7a2e74393e2fab3f9499fb3c92a8bc28/view,2026-07-15T12:31:17.044134+00:00
3c4902fc949543fea4767701da42c527,HM0476_20260105,"Foundation Sustainment Support, Software and Integration (FS3i)",Presolicitation,2026-02-01,2026-02-23,2026-09-30,DEPT OF DEFENSE,NATIONAL GEOSPATIAL-INTELLIGENCE AGENCY (NGA),NATL GEOSPATIAL-INTELLIGENCE AGENCY,541511,DF01,No Set aside used,NONE,MO,https://sam.gov/workspace/contract/opp/3c4902fc949543fea4767701da42c527/view,2026-07-15T12:31:17.044134+00:00
9c894f56ad26410a881037dd422b255b,N66001-26-R-0054,Sources Sought: Engineering and Technical Support for the Command and Control Processor (C2P) Adjunct Processor (AP) Multi-Link Interface Unit (MLIU) Software,Sources Sought,2026-03-26,2026-04-10,2027-03-26,DEPT OF DEFENSE,DEPT OF THE NAVY,NIWC PACIFIC,541511,AC33,,,,https://sam.gov/workspace/contract/opp/9c894f56ad26410a881037dd422b255b/view,2026-07-15T12:31:17.044134+00:00
2a08c5dcca5d45fd840e0a0ae569e65a,W912DR25RA057,Notice of intent for HURREVAC Operations and Maintenance,Special Notice,2025-09-29,2025-10-14,2026-09-28,DEPT OF DEFENSE,DEPT OF THE ARMY,W2SD ENDIST BALTIMORE,541519,DC10,,,MD,https://sam.gov/workspace/contract/opp/2a08c5dcca5d45fd840e0a0ae569e65a/view,2026-07-15T12:31:17.044134+00:00
959a69db854e466bb2c169b3f2d2fe55,N6449826R31070003,LBES Large Seaport (FY26)_LBESe Business Operations/Engineering Services New Seaport Task Order,Solicitation,2026-06-17,2026-06-24,2026-07-09,DEPT OF DEFENSE,DEPT OF THE NAVY,NSWC PHILADELPHIA DIV,541330,R425,No Set aside used,NONE,PA,https://sam.gov/workspace/contract/opp/959a69db854e466bb2c169b3f2d2fe55/view,2026-07-15T12:31:17.044134+00:00
8295590037a44dd0bbb680e6ef532c10,N0018926RL020,SATCOM,Solicitation,2026-06-05,2026-06-09,2026-11-19,DEPT OF DEFENSE,DEPT OF THE NAVY,NAVSUP FLT LOG CTR NORFOLK,541330,R799,Women-Owned Small Business,WOSB,VA,https://sam.gov/workspace/contract/opp/8295590037a44dd0bbb680e6ef532c10/view,2026-07-15T12:31:17.044134+00:00
e88badcd5def4152a5364660b116a930,,AFCENT Battle Lab Commercial Solutions Opening,Special Notice,2026-05-27,,2026-12-30,DEPT OF DEFENSE,DEPT OF THE AIR FORCE,FA4803  20 CONS LGCA,541690,9999,No Set aside used,NONE,SC,https://sam.gov/workspace/contract/opp/e88badcd5def4152a5364660b116a930/view,2026-07-15T12:31:17.044134+00:00
f88923cf271b4958b03fe707d3f82b60,W912WJ26RA013,Synopsis: Unrestricted Architect-Engineering (A-E) Indefinite Delivery/Indefinite Quantity (IDIQ) Multiple Award Task Order Contact (MATOC) to Perform General Engineering and Design Services,Combined Synopsis/Solicitation,2026-05-04,2026-06-05,2027-05-04,DEPT OF DEFENSE,DEPT OF THE ARMY,W2SD ENDIST NEW ENGLAND,541330,C219,,,,https://sam.gov/workspace/contract/opp/f88923cf271b4958b03fe707d3f82b60/view,2026-07-15T12:31:17.044134+00:00
e366ec43a71949528789aa7933459cbc,N0018926QL140,Microsoft Unified Support Services,Combined Synopsis/Solicitation,2026-05-26,2026-05-29,2026-06-13,DEPT OF DEFENSE,DEPT OF THE NAVY,NAVSUP FLT LOG CTR NORFOLK,541511,DG01,No Set aside used,NONE,,https://sam.gov/workspace/contract/opp/e366ec43a71949528789aa7933459cbc/view,2026-07-15T12:31:17.044134+00:00
e97eb912180443cd8062c4b9f295ba43,FD2060-27-30029_RFI,Reliability and Maintainability (R&M) Engineering Support for Helicopter Division,Sources Sought,2026-05-29,2026-06-29,2026-07-14,DEPT OF DEFENSE,DEPT OF THE AIR FORCE,FA8552  AFLCMC WIU,541330,1520,8a Competed,8A,,https://sam.gov/workspace/contract/opp/e97eb912180443cd8062c4b9f295ba43/view,2026-07-15T12:31:17.044134+00:00
e44ca3bd6f744be78f4beb376d8a5cb1,N6893626R0511,Aegis Ballistic Missile Defense,Presolicitation,2026-04-15,2026-04-30,2027-04-30,DEPT OF DEFENSE,DEPT OF THE NAVY,NAVAL AIR WARFARE CENTER,541330,AC33,,,,https://sam.gov/workspace/contract/opp/e44ca3bd6f744be78f4beb376d8a5cb1/view,2026-07-15T12:31:17.044134+00:00
cd8a92bbd7b3427c8938be21fb422aab,FA300225R0012,Military Clerks for Medical Entrance Processing Station (MEPS),Combined Synopsis/Solicitation,2025-08-13,2025-08-22,2026-08-13,DEPT OF DEFENSE,DEPT OF THE AIR FORCE,FA3002  338 ESS CC,541611,Q802,8a Competed,8A,TX,https://sam.gov/workspace/contract/opp/cd8a92bbd7b3427c8938be21fb422aab/view,2026-07-15T12:31:17.044134+00:00
dddef0fef6c74d05aa3a8a6c6e88e98c,W912QR25R0029,Pre-Solicitation Notice - Air Force Reserve Combined A-E IDIQ,Combined Synopsis/Solicitation,2025-10-29,2025-10-30,2026-10-29,DEPT OF DEFENSE,DEPT OF THE ARMY,W072 ENDIST LOUISVILLE,541330,C219,,,,https://sam.gov/workspace/contract/opp/dddef0fef6c74d05aa3a8a6c6e88e98c/view,2026-07-15T12:31:17.044134+00:00
18cbdee1150c420db63a5eb11f2f81c9,FA890326R0069,RFQ for Title II for Repair Jones Hall at Keesler AFB,Combined Synopsis/Solicitation,2026-06-25,2026-07-13,2026-07-28,DEPT OF DEFENSE,DEPT OF THE AIR FORCE,FA8903  772 ESS PK,541330,C219,No Set aside used,NONE,MS,https://sam.gov/workspace/contract/opp/18cbdee1150c420db63a5eb11f2f81c9/view,2026-07-15T12:31:17.044134+00:00
83ea5aae057b4a7facdae97ba0c72c1c,SP0604-21-R-0403,Electricity Acquisition Support Services,Solicitation,2021-03-11,2021-04-12,2050-03-15,DEPT OF DEFENSE,DEFENSE LOGISTICS AGENCY,DLA ENERGY,541690,R408,Total Small Business Set-Aside (FAR 19.5),SBA,,https://sam.gov/workspace/contract/opp/83ea5aae057b4a7facdae97ba0c72c1c/view,2026-07-15T12:31:17.044134+00:00
9b1f6dc33aa34f798e558e188b4f6560,W15P7T-26-R-A006,Marketplace for Acquisition of Professional Services (MAPS),Solicitation,2026-05-27,2026-06-22,2028-05-01,DEPT OF DEFENSE,DEPT OF THE ARMY,W6QK ACC-APG,541330,R425,,,MD,https://sam.gov/workspace/contract/opp/9b1f6dc33aa34f798e558e188b4f6560/view,2026-07-15T12:31:17.044134+00:00
8966196b57b64e34915824c62bc7b111,W911S226RA005,The Radford Army Ammunition Plant (RFAAP) Modernized Pre-Mix and Nitro Cellulose (NC) Dehydration NG3 Facilities,Sources Sought,2026-01-09,2026-01-30,2027-01-09,DEPT OF DEFENSE,DEPT OF THE ARMY,W6QM MICC-FT DRUM,541330,C1EA,,,,https://sam.gov/workspace/contract/opp/8966196b57b64e34915824c62bc7b111/view,2026-07-15T12:31:17.044134+00:00
81279f58139f4a2c80453cb54edfc433,W9124825RMW22,Architecture and Engineering (A-E) Services - Enterprise Solution (Midwest Region),Solicitation,2025-07-08,2025-07-14,2026-07-08,DEPT OF DEFENSE,DEPT OF THE ARMY,W6QM MICC-FT CAMPBELL,541330,C1QA,Total Small Business Set-Aside (FAR 19.5),SBA,,https://sam.gov/workspace/contract/opp/81279f58139f4a2c80453cb54edfc433/view,2026-07-15T12:31:17.044134+00:00
4d058079e8174e508fa6787c48224175,TBESS-SS-01,Tinker Base Engineering Support Services (TBESS) Sources Sought,Sources Sought,2026-06-12,2026-06-30,2026-07-15,DEPT OF DEFENSE,DEPT OF THE AIR FORCE,FA8137  AFSC PZIOC,541330,Z1PZ,Total Small Business Set-Aside (FAR 19.5),SBA,OK,https://sam.gov/workspace/contract/opp/4d058079e8174e508fa6787c48224175/view,2026-07-15T12:31:17.044134+00:00
26c2d86f0d6e42f9a0b66598fcd14372,N66001_25_R_0024,Unmanned Maritime Systems Support (UMSS),Presolicitation,2025-11-05,2025-12-05,2026-11-05,DEPT OF DEFENSE,DEPT OF THE NAVY,NIWC PACIFIC,541330,J059,,,,https://sam.gov/workspace/contract/opp/26c2d86f0d6e42f9a0b66598fcd14372/view,2026-07-15T12:31:17.044134+00:00
effb0c8f39104bf39dc3e090b9b92161,N0003926RE008,"Taiwan ? Installation, Training, and Engineering Services (ITES)",Presolicitation,2025-12-02,2025-12-17,2026-12-02,DEPT OF DEFENSE,DEPT OF THE NAVY,NAVAL INFORMATION WARFARE SYSTEMS,541330,N059,,,,https://sam.gov/workspace/contract/opp/effb0c8f39104bf39dc3e090b9b92161/view,2026-07-15T12:31:17.044134+00:00
b6b00811ee9a49f1b4c32965c89dd696,PCTERange-FY2026,Persistent Cyber Training Environment (PCTE) Cyber Range Development Software Application Project (Simulated Internet for Cyber Range Training Events),Sources Sought,2026-06-22,2026-07-14,2026-12-31,DEPT OF DEFENSE,DEPT OF THE ARMY,W6QK ACC-ORLANDO,541519,DA10,No Set aside used,NONE,FL,https://sam.gov/workspace/contract/opp/b6b00811ee9a49f1b4c32965c89dd696/view,2026-07-15T12:31:17.044134+00:00
ce7c49fa81af4f86bebc903ed76fb004,W912DR26RA011,Civil Works Multi-Discipline Architect/Engineer (A/E) Multiple Award Task Order Contract (MATOC),Presolicitation,2025-12-03,2025-12-20,2026-12-03,DEPT OF DEFENSE,DEPT OF THE ARMY,W2SD ENDIST BALTIMORE,541330,C219,Total Small Business Set-Aside (FAR 19.5),SBA,,https://sam.gov/workspace/contract/opp/ce7c49fa81af4f86bebc903ed76fb004/view,2026-07-15T12:31:17.044134+00:00
827b0d84d31244f59becfc65c6dc92df,N0017826R3008,Combat System Systems Engineering,Solicitation,2026-02-04,2026-02-25,2027-02-04,DEPT OF DEFENSE,DEPT OF THE NAVY,NSWC DAHLGREN,541330,R425,,,,https://sam.gov/workspace/contract/opp/827b0d84d31244f59becfc65c6dc92df/view,2026-07-15T12:31:17.044134+00:00
f2e9afe1798744d9a0a0df9ee46990e4,N0003926RA002,NATO Improved Link Eleven (NILE) In-Service Support 6 (ISS 6),Presolicitation,2026-06-04,2026-07-06,2026-07-06,DEPT OF DEFENSE,DEPT OF THE NAVY,NAVAL INFORMATION WARFARE SYSTEMS,541512,DA01,Total Small Business Set-Aside (FAR 19.5),SBA,,https://sam.gov/workspace/contract/opp/f2e9afe1798744d9a0a0df9ee46990e4/view,2026-07-15T12:31:17.044134+00:00
5c4ca134d1cb42e29d339dcbb17425a0,W9123826RA008,$625M USACE SPD Vertical AE Design MATOC Pre-Solicitation Notice,Presolicitation,2026-06-24,,2026-07-24,DEPT OF DEFENSE,DEPT OF THE ARMY,W075 ENDIST SACRAMENTO,541330,C219,No Set aside used,NONE,,https://sam.gov/workspace/contract/opp/5c4ca134d1cb42e29d339dcbb17425a0/view,2026-07-15T12:31:17.044134+00:00
0a0651a1e76d4c6cbf907f70ea47f6d3,M67854-26-I-5101,CONDITION BASED MAINTENANCE PLUS (CBM+),Sources Sought,2025-12-09,2025-12-29,2028-12-31,DEPT OF DEFENSE,DEPT OF THE NAVY,COMMANDER,541512,7H20,No Set aside used,NONE,VA,https://sam.gov/workspace/contract/opp/0a0651a1e76d4c6cbf907f70ea47f6d3/view,2026-07-15T12:31:17.044134+00:00
f651f8d6fea845b4a8c513129c5eb254,N0018926QD001,MNCC ICA,Solicitation,2026-03-09,2026-03-19,2027-03-09,DEPT OF DEFENSE,DEPT OF THE NAVY,NAVSUP FLT LOG CTR NORFOLK,541330,R699,Women-Owned Small Business,WOSB,,https://sam.gov/workspace/contract/opp/f651f8d6fea845b4a8c513129c5eb254/view,2026-07-15T12:31:17.044134+00:00
651c4689c9c64190aa9f749517baae11,W912DR26RA036,"Sources Sought Notice for Master Planning Architect-Engineer Multiple Award Task Order Contracts for the US Army Corps of Engineers, Baltimore District",Sources Sought,2026-03-12,2026-04-06,2027-03-04,DEPT OF DEFENSE,DEPT OF THE ARMY,W2SD ENDIST BALTIMORE,541330,C219,,,,https://sam.gov/workspace/contract/opp/651c4689c9c64190aa9f749517baae11/view,2026-07-15T12:31:17.044134+00:00
615bdeda6440400586c5d09efba010ff,N6133126SNQ34,"Diving, Biomedical, Information Technology (IT), Logistics and Program Management Support for the Navy Experimental Diving Unit (NEDU).",Sources Sought,2026-06-08,2026-06-23,2026-07-07,DEPT OF DEFENSE,DEPT OF THE NAVY,NAVAL SURFACE WARFARE CENTER,541330,R425,,,,https://sam.gov/workspace/contract/opp/615bdeda6440400586c5d09efba010ff/view,2026-07-15T12:31:17.044134+00:00
a9526671398143c2b1bb8fa268ec021c,N6449826Q0037,Machinery Arrangement Support Request for Proposal,Combined Synopsis/Solicitation,2026-06-05,2026-06-30,2027-06-05,DEPT OF DEFENSE,DEPT OF THE NAVY,NSWC PHILADELPHIA DIV,541330,R425,,,,https://sam.gov/workspace/contract/opp/a9526671398143c2b1bb8fa268ec021c/view,2026-07-15T12:31:17.044134+00:00
5f4fdcc5701974b767af9e8dbcc8495f,W91249-19-R-0008,G6 Information Technology Services,Combined Synopsis/Solicitation,2019-03-25,2019-04-18,2019-05-03,DEPT OF DEFENSE,DEPT OF THE ARMY,W6QM MICC-FT GORDON,541512,R,8a Competed,8A,GA,https://sam.gov/workspace/contract/opp/5f4fdcc5701974b767af9e8dbcc8495f/view,2026-07-15T12:31:17.044134+00:00
592f0bf678d5424a9e5db02b0c04b4c6,ERPCS_RFI_2026,Request for Information for Enterprise Resource Planning Common Services (ERP CS)_2026,Sources Sought,2026-06-05,2026-07-07,2026-07-22,DEPT OF DEFENSE,DEPT OF THE AIR FORCE,FA8770 AFLCMC GBK,541511,DA01,No Set aside used,NONE,AL,https://sam.gov/workspace/contract/opp/592f0bf678d5424a9e5db02b0c04b4c6/view,2026-07-15T12:31:17.044134+00:00
acf20bf8fc5642df1b414e227d504bf3,W9124R-13-R-0001,"A--Mission (Test) Support Services, U.S. Army Yuma Proving Ground, AZ",Modification/Amendment/Cancel,2012-12-20,2013-01-08,2013-02-18,DEPT OF DEFENSE,DEPT OF THE ARMY,W6QM MICC-YUMA PROV GRD,541330,A,,,,https://sam.gov/workspace/contract/opp/acf20bf8fc5642df1b414e227d504bf3/view,2026-07-15T12:31:17.044134+00:00
86f4b75e50e24569b770242816507a00,N6247826R5058,"Indefinite Delivery/Indefinite Quantity Contract for Architect-Engineer Services for Utility Projects at Various Locations under the Cognizance of Naval Facilities Engineering Systems Command, Hawaii",Presolicitation,2026-06-24,2026-08-12,2026-08-27,DEPT OF DEFENSE,DEPT OF THE NAVY,NAVFACSYSCOM HAWAII,541330,C219,No Set aside used,NONE,HI,https://sam.gov/workspace/contract/opp/86f4b75e50e24569b770242816507a00/view,2026-07-15T12:31:17.044134+00:00
bd0d1bbe4640441198a46994eb5a0806,TBESS-SS-01,Tinker Base Engineering Support Services (TBESS) Sources Sought,Sources Sought,2026-06-17,2026-06-30,2026-07-15,DEPT OF DEFENSE,DEPT OF THE AIR FORCE,FA8137  AFSC PZIOC,541330,Z1PZ,Total Small Business Set-Aside (FAR 19.5),SBA,OK,https://sam.gov/workspace/contract/opp/bd0d1bbe4640441198a46994eb5a0806/view,2026-07-15T12:31:17.044134+00:00
a4be099cde2b4db6ac1460898c9d3f06,81214,SOLE SOURCE- NEXT-GEN OPIR POLAR SOFTWARE DEPOT ACTIVATION GAP ANALYSIS,Solicitation,2026-06-12,2026-07-13,2026-07-28,DEPT OF DEFENSE,DEPT OF THE AIR FORCE,FA8571  MAINT CONTRACTING AFSC PZIM,541330,R425,,,GA,https://sam.gov/workspace/contract/opp/a4be099cde2b4db6ac1460898c9d3f06/view,2026-07-15T12:31:17.044134+00:00
3f979258af3c478ea8c83dd22d0a6ad2,H9229526QB009,Wireless Network Deployment at SOCNORTH,Combined Synopsis/Solicitation,2026-06-29,2026-07-22,2026-07-23,DEPT OF DEFENSE,US SPECIAL OPERATIONS COMMAND (USSOCOM),SOCNORTH PB,541512,DG10,Total Small Business Set-Aside (FAR 19.5),SBA,CO,https://sam.gov/workspace/contract/opp/3f979258af3c478ea8c83dd22d0a6ad2/view,2026-07-15T12:31:17.044134+00:00
5f15c198e03a48f5969466bd580916f4,N0002424R2120,"BROAD AGENCY ANNOUNCEMENT: Operational Analysis, SSN/SSGN Survivability Program (S3P), and Hull, Mechanical and Electrical (HM&E) Materials, Design Concepts, and Technologies for Future Submarine Platforms",Combined Synopsis/Solicitation,2023-11-01,2026-10-31,2026-11-15,DEPT OF DEFENSE,DEPT OF THE NAVY,NAVSEA HQ,541330,AC32,,,,https://sam.gov/workspace/contract/opp/5f15c198e03a48f5969466bd580916f4/view,2026-07-15T12:31:17.044134+00:00
4a5ca01e00ad4bfc8d70c3320af799ff,W51H7226QA009,Defense Travel System (DTS) Administration and Technical Support,Combined Synopsis/Solicitation,2026-06-12,2026-06-26,2026-07-11,DEPT OF DEFENSE,DEPT OF THE ARMY,W6QM MICC FDO FT BRAGG,541611,R699,8a Competed,8A,SC,https://sam.gov/workspace/contract/opp/4a5ca01e00ad4bfc8d70c3320af799ff/view,2026-07-15T12:31:17.044134+00:00
d0830ffa8dee4bd4abf85ce7abc8842f,N0018926QL140,Microsoft Unified Support Services,Combined Synopsis/Solicitation,2026-05-12,2026-05-26,2026-06-10,DEPT OF DEFENSE,DEPT OF THE NAVY,NAVSUP FLT LOG CTR NORFOLK,541511,DG01,No Set aside used,NONE,,https://sam.gov/workspace/contract/opp/d0830ffa8dee4bd4abf85ce7abc8842f/view,2026-07-15T12:31:17.044134+00:00
1d94baaac263447ea258ddd6cee3ca4f,N6247023C0007,NON-GOVERNMENT STANDARD INTERNET SUBSCRIPTION CONTRACT,Award Notice,2025-12-12,,2026-12-12,DEPT OF DEFENSE,DEPT OF THE NAVY,NAVFACSYSCOM ATLANTIC,518210,R702,,,,https://sam.gov/workspace/contract/opp/1d94baaac263447ea258ddd6cee3ca4f/view,2026-07-15T12:31:17.044134+00:00
b42c12c967e746bc8fd73c568bb26aae,BAAARMYMPPI25001,Broad Agency Announcement (BAA) ARMY MPP-I-25-001,Combined Synopsis/Solicitation,2025-11-18,2026-01-30,2026-02-14,DEPT OF DEFENSE,DEPT OF THE ARMY,W6QK ACC-APG,541611,R799,,,MD,https://sam.gov/workspace/contract/opp/b42c12c967e746bc8fd73c568bb26aae/view,2026-07-15T12:31:17.044134+00:00
51ce885f838a4c3da989c14dd7507d7a,N66604-26-R-3000-MS1,CANES Tactical Networks Market Survey,Sources Sought,2026-02-26,2026-03-04,2027-02-26,DEPT OF DEFENSE,DEPT OF THE NAVY,NUWC DIV NEWPORT,541330,DG10,Total Small Business Set-Aside (FAR 19.5),SBA,,https://sam.gov/workspace/contract/opp/51ce885f838a4c3da989c14dd7507d7a/view,2026-07-15T12:31:17.044134+00:00
f7bb983528b74a078b9e13a6b90b24b6,FA852026LDMS,Lean Depot Management System (LDMS) Sustainment Support,Sources Sought,2026-02-23,2026-03-23,2026-12-31,DEPT OF DEFENSE,DEPT OF THE AIR FORCE,FA8520  AFLCMC EBUK,541511,,No Set aside used,NONE,GA,https://sam.gov/workspace/contract/opp/f7bb983528b74a078b9e13a6b90b24b6/view,2026-07-15T12:31:17.044134+00:00
c78535582d04496db2d2fe313825177b,N0003926RH001,Area of Interest (AOI): Cyber Resource and Engineering Workforce (CREW) under CSO N0003925S0001,Solicitation,2026-02-19,2026-03-05,2027-02-19,DEPT OF DEFENSE,DEPT OF THE NAVY,NAVAL INFORMATION WARFARE SYSTEMS,541330,DD01,,,,https://sam.gov/workspace/contract/opp/c78535582d04496db2d2fe313825177b/view,2026-07-15T12:31:17.044134+00:00
6352745a2e154a202a54219c41039f09,N00421-16-R-0021,"4.11.5 (ETMS) ENGINEERING, TECHNICAL, AND MANAGEMENT SERVICES",Sources Sought,2017-02-06,2017-02-27,2017-03-14,DEPT OF DEFENSE,DEPT OF THE NAVY,NAVAL AIR WARFARE CENTER AIR DIV,541330,R,Total Small Business Set-Aside (FAR 19.5),SBA,MD,https://sam.gov/workspace/contract/opp/6352745a2e154a202a54219c41039f09/view,2026-07-15T12:31:17.044134+00:00
